GEOID,total_population,median_hh_income,total_stops,has_rapid_transit,total_pois,pillar1_transit,pillar2_demographics,pillar3_poi_density,cvi_score,demand_score,supply_score,gap_score
25025000101,1734,135156.0,0,0,7,0.0,0.40345175281687773,0.8938684177618246,48.6,0.20172587640843886,0.3802887108056127,-27.7
25025000102,3979,84044.0,1,0,52,0.1211094519492599,0.3986787790426458,0.4991636030173696,36.6,0.25989411549595287,0.7260878284209794,-72.3
25025000201,4375,111477.0,0,0,9,0.0,0.4878019587759395,0.9682358245560237,56.6,0.24390097938796976,0.4210972508645534,-27.5
25025000202,3892,84792.0,0,0,16,0.0,0.38100270799572095,0.8781195891376959,46.7,0.19050135399786047,0.5181386581216462,-50.8
25025000301,2719,133051.0,0,0,9,0.0,0.4287108211091641,0.9682358245560237,53.4,0.21435541055458204,0.4210972508645534,-32.0
25025000302,3231,115500.0,0,0,10,0.0,0.4384645178051327,1.0,55.4,0.21923225890256634,0.43852759679058395,-34.0
25025000401,4898,74686.0,1,0,10,0.1211094519492599,0.4499422982461337,1.0,62.6,0.2855258750976968,0.43852759679058395,-23.7
25025000402,3795,110147.0,0,0,16,0.0,0.4247293889703981,0.8781195891376959,49.0,0.21236469448519904,0.5181386581216462,-47.4
25025000502,5382,88125.0,11,1,28,0.8341728437209874,0.3914173137747176,0.7001250683061035,84.1,0.6127950787478526,0.6158117765850774,-0.5
25025000503,2099,86250.0,6,1,4,0.7399972160374537,0.37490685671857965,0.7372295595693685,79.9,0.5574520363780167,0.2943343472626825,40.8
25025000505,2117,58785.0,4,1,3,0.6812074390373977,0.2861321040348154,0.6628621527751695,68.4,0.4836697715361066,0.2535258072037418,35.7
25025000506,2513,74286.0,2,1,9,0.5919539398224677,0.34005711466329397,0.9682358245560237,80.7,0.4660055272428808,0.4210972508645534,7.0
25025000601,4000,105956.0,0,0,21,0.0,0.40973400129670584,0.7921924711818822,44.2,0.20486700064835292,0.5652905003924549,-55.9
25025000603,1650,24450.0,2,0,8,0.1919539398224677,0.15760810381771942,0.9331221576728652,47.5,0.17478102182009356,0.4018288973829924,-35.2
25025000604,2347,52155.0,0,0,19,0.0,0.26349973895963036,0.8239566466258585,37.8,0.13174986947981518,0.5478601544664242,-64.5
25025000701,4349,78110.0,5,1,16,0.7130633917717275,0.4744573107032375,0.8781195891376959,90.3,0.5937603512374825,0.5181386581216462,11.7
25025000703,1701,44891.0,6,1,82,0.7399972160374537,0.255252855543967,0.34967506518857505,55.4,0.4976250357907104,0.8081185088939562,-48.1
25025000704,4192,80067.0,6,1,70,0.7399972160374537,0.4441029395197928,0.40171900067746036,68.0,0.5920500777786233,0.7795598012856553,-29.1
25025000804,3224,100938.0,0,0,64,0.0,0.39166157947749,0.43114441850312435,26.5,0.195830789738745,0.7634128305379361,-88.0
25025000805,3095,69556.0,1,0,102,0.1211094519492599,0.3301757191053442,0.27772560075078234,22.6,0.22564258552730204,0.8476002217611853,-96.4
25025000806,2390,74591.0,0,0,8,0.0,0.36393439999565147,0.9331221576728652,48.3,0.18196719999782573,0.4018288973829924,-34.1
25025000807,3079,86250.0,5,1,16,0.7130633917717275,0.21725625705370255,0.8781195891376959,76.4,0.46515982441271503,0.5181386581216462,-8.2
25025010103,3397,39886.0,13,1,35,0.8611066679867135,0.196115319086803,0.6280640485223619,71.7,0.5286109935367582,0.6553547045867342,-19.6
25025010104,4791,63594.0,9,1,37,0.8023168909866576,0.33145508938666507,0.6100449795653711,75.0,0.5668859901866613,0.6652425294962553,-15.2
25025010204,3354,58438.0,6,1,22,0.7399972160374537,0.2569029761605262,0.7773779614622198,75.3,0.49845009609898994,0.5734198481727457,-11.6
25025010205,4036,72105.0,0,0,57,0.0,0.45203454221688094,0.46911880331944855,31.5,0.22601727110844047,0.7425746801869482,-80.1
25025010206,2218,64141.0,0,0,24,0.0,0.34079324778580816,0.7495892398316595,38.5,0.17039662389290408,0.588668694525365,-64.8
25025010300,4769,69861.0,3,0,16,0.2422189038985198,0.2727543174599592,0.8781195891376959,53.9,0.2574866106792395,0.5181386581216462,-40.4
25025010403,2665,36928.0,0,0,43,0.0,0.24999188105638434,0.5611862061952271,24.8,0.12499594052819217,0.6920534039943258,-87.9
25025010404,4585,34931.0,2,0,24,0.1919539398224677,0.23641804837665334,0.7495892398316595,43.3,0.21418599409956052,0.588668694525365,-58.0
25025010405,5921,20000.0,15,1,30,0.8844378077970396,0.24722222102522318,0.6778987276935384,78.0,0.5658300144111315,0.628008309318316,-9.6
25025010408,1349,75372.0,0,0,0,0.0,0.32065484999657773,0.20084962280185914,11.9,0.16032742499828886,0.0,24.8
25025010500,3330,54020.0,2,0,29,0.1919539398224677,0.3007286216243913,0.6888266441770107,43.9,0.24634128072342948,0.6220116995560496,-58.2
25025010600,3174,98472.0,7,1,108,0.7633283558477797,0.37558978745454114,0.258856131758734,59.0,0.5694590716511604,0.8579546971213912,-44.7
25025010701,2314,143077.0,4,1,212,0.6812074390373977,0.4210401910324654,0.035582733241957265,46.6,0.5511238150349316,0.9804742499771515,-66.5
25025010702,2084,160057.0,9,1,236,0.8023168909866576,0.4010524325218178,0.0,50.4,0.6016846617542377,1.0,-61.7
25025010801,2730,160000.0,0,0,1,0.0,0.43729054392827155,0.43185588778851425,29.0,0.21864527196413577,0.1267629036018709,14.2
25025010802,3316,146797.0,2,0,6,0.1919539398224677,0.4651086255087642,0.8493661978382886,60.3,0.32853128266561593,0.3558684613610259,-4.2
25025020101,4041,186477.0,0,0,72,0.0,0.5192602191441394,0.3924608610971352,31.6,0.2596301095720697,0.7846401338698007,-81.4
25025020200,3132,111622.0,1,0,32,0.1211094519492599,0.44976811440817643,0.6570624687330344,46.7,0.2854387831787182,0.6394420454820802,-54.9
25025020301,2356,106593.0,3,1,19,0.6422189038985198,0.4088288801466393,0.8239566466258585,80.4,0.5255238920225795,0.5478601544664242,-3.5
25025020302,1031,129792.0,0,0,14,0.0,0.40312530077886405,0.9198329091636659,49.8,0.20156265038943202,0.49524879595417864,-45.5
25025020304,1200,185350.0,6,1,33,0.7399972160374537,0.5125556641172028,0.6471133241510407,83.1,0.6262764400773282,0.6449015617235171,-2.9
25025020305,3950,114211.0,9,1,28,0.8023168909866576,0.42714276100751397,0.7001250683061035,84.3,0.6147298259970858,0.6158117765850774,-0.2
25025030100,2188,103500.0,0,0,5,0.0,0.368473306121294,0.7979921552240172,42.3,0.184236653060647,0.3276773522933671,-22.2
25025030200,1591,109626.0,1,0,14,0.1211094519492599,0.43157026896334055,0.9198329091636659,57.9,0.2763398604563002,0.49524879595417864,-33.9
25025030301,1478,126979.0,2,1,19,0.5919539398224677,0.3194358430118818,0.8239566466258585,72.9,0.4556948914171748,0.5478601544664242,-14.3
25025030302,2377,137778.0,30,1,158,1.0,0.3995801401105436,0.13302733558186663,67.2,0.6997900700552718,0.9270022771124756,-35.2
25025030400,3842,107333.0,0,0,80,0.0,0.43772896378101245,0.3578040436246661,25.6,0.21886448189050622,0.8036577947659848,-90.6
25025030500,2235,119795.0,0,0,12,0.0,0.38234716522939066,0.9675243552706336,50.9,0.19117358261469533,0.46907848327525364,-43.1
25025040100,2591,162443.0,0,0,8,0.0,0.4382330909335375,0.9331221576728652,52.3,0.21911654546676876,0.4018288973829924,-28.3
25025040200,1679,112750.0,0,0,2,0.0,0.31288666517119995,0.5669858902373621,28.5,0.15644333258559998,0.2009144486914962,-6.9
25025040300,4803,172075.0,0,0,2,0.0,0.550807628176083,0.5669858902373621,41.4,0.2754038140880415,0.2009144486914962,11.5
25025040401,2872,134821.0,1,0,16,0.1211094519492599,0.40315549164780484,0.8781195891376959,54.4,0.2621324717985324,0.5181386581216462,-39.7
25025040600,3758,155054.0,8,1,17,0.7839078796449355,0.5252597898206578,0.8590703135090172,96.0,0.6545838347327966,0.5285918009848632,19.5
25025040801,4129,88319.0,0,0,9,0.0,0.3700337976701095,0.9682358245560237,50.2,0.18501689883505476,0.4210972508645534,-36.6
25025050101,5304,72344.0,0,0,2,0.0,0.3898653976756871,0.5669858902373621,32.7,0.19493269883784356,0.2009144486914962,-0.9
25025050200,5400,81964.0,0,0,51,0.0,0.43327100684187,0.5055118252973232,32.2,0.216635503420935,0.7226042904789954,-78.4
25025050300,3515,70295.0,0,0,32,0.0,0.3343179941396584,0.6570624687330344,33.9,0.1671589970698292,0.6394420454820802,-73.2
25025050400,2072,79667.0,6,1,42,0.7399972160374537,0.3019991076332431,0.5688479595542181,68.1,0.5209981618353484,0.6878490760185317,-25.9
25025050500,2134,105625.0,0,0,2,0.0,0.3784389313397624,0.5669858902373621,32.1,0.1892194656698812,0.2009144486914962,-1.8
25025050600,2584,83571.0,0,0,58,0.0,0.34528516923913094,0.46342171428389156,25.5,0.17264258461956547,0.7457009137904711,-88.8
25025050700,4906,82712.0,1,0,43,0.1211094519492599,0.39758067517870593,0.5611862061952271,39.4,0.2593450635639829,0.6920534039943258,-67.1
25025050901,4530,91250.0,2,0,44,0.1919539398224677,0.4193135146037548,0.5536966417281628,44.1,0.3056337272131113,0.6961632446456748,-60.5
25025051000,4971,88533.0,0,0,6,0.0,0.4323710562725265,0.8493661978382886,48.1,0.21618552813626324,0.3558684613610259,-21.6
25025051101,6754,76750.0,7,1,30,0.7633283558477797,0.45528742628910696,0.6778987276935384,82.7,0.6093078910684433,0.628008309318316,-2.9
25025051200,3164,130795.0,0,0,4,0.0,0.4861630886336506,0.7372295595693685,45.8,0.2430815443168253,0.2943343472626825,-7.9
25025060101,3587,146737.0,0,0,2,0.0,0.49238215531779117,0.5669858902373621,38.2,0.24619107765889559,0.2009144486914962,7.0
25025060200,2282,166750.0,0,0,1,0.0,0.507631111474078,0.43185588778851425,32.8,0.253815555737039,0.1267629036018709,19.7
25025060301,3786,172171.0,0,0,8,0.0,0.5551552477486306,0.9331221576728652,58.6,0.2775776238743153,0.4018288973829924,-19.3
25025060400,5071,188333.0,0,0,3,0.0,0.6302926184801303,0.6628621527751695,50.2,0.31514630924006515,0.2535258072037418,9.6
25025060501,4305,175612.0,0,0,12,0.0,0.5613650961412706,0.9675243552706336,60.6,0.2806825480706353,0.46907848327525364,-29.2
25025060601,1830,159464.0,0,0,10,0.0,0.5008776518576755,1.0,58.8,0.25043882592883776,0.43852759679058395,-29.2
25025060602,416,112346.0,0,0,6,0.0,0.3867924962535266,0.8493661978382886,45.6,0.1933962481267633,0.3558684613610259,-25.2
25025060603,1241,183125.0,0,0,24,0.0,0.535377531954882,0.7495892398316595,49.0,0.267688765977441,0.588668694525365,-49.7
25025060604,2772,212217.0,0,0,61,0.0,0.55795796668103,0.4468924627068833,36.2,0.278978983340515,0.7547712129201869,-73.7
25025060700,1908,22552.0,0,0,0,0.0,0.16158691629339048,0.20084962280185914,3.3,0.08079345814669524,0.0,12.5
25025060800,4328,173333.0,0,0,6,0.0,0.5991424751894835,0.8493661978382886,57.1,0.29957123759474175,0.3558684613610259,-8.7
25025061000,2860,85931.0,0,0,1,0.0,0.35158182321788417,0.43185588778851425,24.3,0.17579091160894209,0.1267629036018709,7.6
25025061101,2295,19221.0,0,0,1,0.0,0.19040170578310156,0.43185588778851425,15.6,0.09520085289155078,0.1267629036018709,-4.9
25025061201,1609,89375.0,5,1,10,0.7130633917717275,0.30284490221746785,1.0,86.7,0.5079541469945976,0.43852759679058395,10.8
25025061202,0,86250.0,0,0,0,0.0,,0.20084962280185914,,,0.0,
25025061203,2314,237188.0,4,1,19,0.6812074390373977,0.5894182302444169,0.8239566466258585,92.3,0.6353128346409073,0.5478601544664242,13.6
25025061204,918,158691.0,0,0,11,0.0,0.3486064500320208,0.994200315957865,50.3,0.1743032250160104,0.454440255895238,-43.4
25025070102,2721,100208.0,3,1,72,0.6422189038985198,0.28804360880037744,0.3924608610971352,53.9,0.46513125634944863,0.7846401338698007,-49.5
25025070103,782,67788.0,0,0,0,0.0,0.24260541671714964,0.20084962280185914,7.7,0.12130270835857482,0.0,18.8
25025070104,2550,208750.0,13,1,184,0.8611066679867135,0.47054855822010316,0.0825528119830653,61.2,0.6658276131034083,0.9546997820683469,-44.8
25025070201,3242,42243.0,2,1,45,0.5919539398224677,0.20560634597783423,0.5463716964755647,53.8,0.39878014290015096,0.7001827517746166,-46.7
25025070202,4233,44361.0,0,0,79,0.0,0.31229743895272416,0.36194411665254833,19.0,0.15614871947636208,0.8013859616701661,-100.0
25025070301,2659,185917.0,0,0,22,0.0,0.4923977566932305,0.7773779614622198,48.0,0.24619887834661525,0.5734198481727457,-50.7
25025070302,1771,131223.0,1,0,39,0.1211094519492599,0.32963364298795844,0.5929503816392034,37.2,0.22537154746860916,0.6746230580682951,-69.6
25025070402,3005,72825.0,0,0,27,0.0,0.34625100528806146,0.7118200083569385,37.1,0.17312550264403073,0.6093942685647676,-67.6
25025070501,1977,191146.0,0,0,9,0.0,0.47660833938703456,0.9682358245560237,56.0,0.23830416969351728,0.4210972508645534,-28.3
25025070502,3787,24728.0,0,0,11,0.0,0.22637456969577677,0.994200315957865,43.7,0.11318728484788838,0.454440255895238,-52.9
25025070600,2228,234205.0,0,0,9,0.0,0.5398907421874705,0.9682358245560237,59.4,0.26994537109373523,0.4210972508645534,-23.4
25025070700,2643,150167.0,6,1,28,0.7399972160374537,0.4271989360795912,0.7001250683061035,81.0,0.5835980760585224,0.6158117765850774,-5.0
25025070801,1049,86250.0,3,0,4,0.2422189038985198,0.28169737207918866,0.7372295595693685,47.9,0.26195813798885426,0.2943343472626825,-5.0
25025070802,2306,71528.0,0,0,14,0.0,0.32974411631501055,0.9198329091636659,45.8,0.16487205815750527,0.49524879595417864,-51.2
25025070901,1277,37847.0,0,0,1,0.0,0.19462303175810694,0.43185588778851425,15.8,0.09731151587905347,0.1267629036018709,-4.6
25025070902,2079,116250.0,0,0,8,0.0,0.37606875340802054,0.9331221576728652,48.9,0.18803437670401027,0.4018288973829924,-33.1
25025071101,3873,86937.0,0,0,4,0.0,0.3925866551697244,0.7372295595693685,40.7,0.1962933275848622,0.2943343472626825,-15.2
25025071201,4248,84955.0,0,0,18,0.0,0.3445239102196305,0.8410512445520263,43.0,0.17226195510981526,0.5384796258943844,-56.8
25025080100,2439,48500.0,1,0,10,0.1211094519492599,0.2733401745613831,1.0,53.0,0.19722481325532148,0.43852759679058395,-37.4
25025080300,2059,43953.0,0,0,0,0.0,0.2580050054953516,0.20084962280185914,8.6,0.1290025027476758,0.0,20.0
25025080401,2905,24311.0,0,0,6,0.0,0.18478772453837414,0.8493661978382886,34.7,0.09239386226918707,0.3558684613610259,-40.8
25025080500,3698,40350.0,0,0,1,0.0,0.23615730149105438,0.43185588778851425,18.1,0.11807865074552719,0.1267629036018709,-1.3
25025080601,3572,18125.0,3,0,23,0.2422189038985198,0.160820076110861,0.7631940509712097,42.5,0.20151949000469038,0.5812031594971089,-58.8
25025080801,4133,25536.0,3,1,5,0.6422189038985198,0.22209392886420246,0.7979921552240172,69.1,0.4321564163813611,0.3276773522933671,16.2
25025080900,3384,69033.0,3,1,11,0.6422189038985198,0.29998601565676924,0.994200315957865,82.4,0.47110245977764453,0.454440255895238,2.6
25025081001,4816,44861.0,8,1,21,0.7839078796449355,0.3398852401668733,0.7921924711818822,82.9,0.5618965599059044,0.5652905003924549,-0.5
25025081101,1376,68720.0,4,1,5,0.6812074390373977,0.33580820927840715,0.7979921552240172,77.4,0.5085078241579024,0.3276773522933671,28.0
25025081102,2835,84308.0,7,1,1,0.7633283558477797,0.32160223717249586,0.43185588778851425,64.1,0.5424652965101378,0.1267629036018709,64.4
25025081200,4097,35900.0,0,0,7,0.0,0.2831564753461244,0.8938684177618246,42.1,0.1415782376730622,0.3802887108056127,-37.0
25025081301,2694,26800.0,5,1,2,0.7130633917717275,0.17840200281313634,0.5669858902373621,59.9,0.4457326972924319,0.2009144486914962,37.9
25025081302,2362,28827.0,0,0,7,0.0,0.21117965804766378,0.8938684177618246,38.2,0.10558982902383189,0.3802887108056127,-42.6
25025081400,3424,70385.0,4,1,3,0.6812074390373977,0.29358076543798406,0.6628621527751695,68.8,0.48739410223769086,0.2535258072037418,36.2
25025081500,2718,67417.0,0,0,0,0.0,0.27110448788561575,0.20084962280185914,9.3,0.13555224394280788,0.0,21.0
25025081700,3862,31007.0,0,0,1,0.0,0.26270812342718086,0.43185588778851425,19.5,0.13135406171359043,0.1267629036018709,0.7
25025081800,3117,48011.0,0,0,1,0.0,0.22945486727100242,0.43185588778851425,17.7,0.11472743363550121,0.1267629036018709,-1.9
25025081900,3142,66118.0,0,0,1,0.0,0.27963365751167063,0.43185588778851425,20.4,0.13981682875583532,0.1267629036018709,2.0
25025082000,3476,73414.0,0,0,2,0.0,0.3211874121603718,0.5669858902373621,29.0,0.1605937060801859,0.2009144486914962,-6.2
25025082100,5980,29205.0,0,0,2,0.0,0.3422754091441978,0.5669858902373621,30.1,0.1711377045720989,0.2009144486914962,-4.6
25025090100,5345,35781.0,0,0,0,0.0,0.3144843471239665,0.20084962280185914,11.6,0.15724217356198325,0.0,24.4
25025090200,2943,41068.0,0,0,6,0.0,0.23537983762028217,0.8493661978382886,37.4,0.11768991881014108,0.3558684613610259,-36.9
25025090300,3535,36103.0,0,0,1,0.0,0.2603177245617696,0.43185588778851425,19.4,0.1301588622808848,0.1267629036018709,0.5
25025090400,3711,59972.0,0,0,1,0.0,0.2837248265183612,0.43185588778851425,20.7,0.1418624132591806,0.1267629036018709,2.3
25025090600,2408,67591.0,0,0,0,0.0,0.26855640989944635,0.20084962280185914,9.1,0.13427820494972317,0.0,20.8
25025090700,4111,79177.0,4,1,43,0.6812074390373977,0.37948122336320694,0.5611862061952271,68.8,0.5303443312003023,0.6920534039943258,-25.1
25025090901,3087,46308.0,0,0,9,0.0,0.24717905485085548,0.9682358245560237,43.6,0.12358952742542774,0.4210972508645534,-46.1
25025091001,3064,86744.0,6,1,13,0.7399972160374537,0.3509434348486306,0.9428262733435937,88.1,0.5454703254430422,0.48263136496289677,9.7
25025091100,4367,111549.0,4,0,15,0.2812074390373976,0.45346429019740114,0.8983240534200576,66.7,0.36733586461739937,0.5070516144074836,-21.7
25025091200,2976,64844.0,0,0,5,0.0,0.29421769984398133,0.7979921552240172,38.2,0.14710884992199066,0.3276773522933671,-28.0
25025091300,2469,44960.0,1,0,1,0.1211094519492599,0.22203959925610808,0.43185588778851425,23.9,0.171574525602684,0.1267629036018709,6.9
25025091400,3052,56063.0,1,0,0,0.1211094519492599,0.2673081751854084,0.20084962280185914,15.6,0.19420881356733416,0.0,30.1
25025091500,3412,59720.0,0,0,0,0.0,0.31658082824794875,0.20084962280185914,11.7,0.15829041412397438,0.0,24.5
25025091600,2497,44590.0,0,0,7,0.0,0.2125370525974667,0.8938684177618246,38.3,0.10626852629873335,0.3802887108056127,-42.5
25025091700,3292,68114.0,0,0,1,0.0,0.2704753944161808,0.43185588778851425,20.0,0.1352376972080904,0.1267629036018709,1.3
25025091800,3721,66714.0,1,0,0,0.1211094519492599,0.3192034869085206,0.20084962280185914,18.4,0.22015646942889022,0.0,34.1
25025091900,4662,58750.0,1,0,0,0.1211094519492599,0.35571737726236385,0.20084962280185914,20.4,0.2384134146058119,0.0,36.9
25025092000,5751,61250.0,3,1,6,0.6422189038985198,0.39948598189443074,0.8493661978382886,81.1,0.5208524428964753,0.3558684613610259,25.6
25025092101,6462,59286.0,3,0,19,0.2422189038985198,0.40093497258616934,0.8239566466258585,58.3,0.32157693824234457,0.5478601544664242,-35.1
25025092200,3500,109250.0,5,1,2,0.7130633917717275,0.36898749906850187,0.5669858902373621,70.2,0.5410254454201147,0.2009144486914962,52.7
25025092300,3857,71800.0,1,0,3,0.1211094519492599,0.31049426003924,0.6628621527751695,39.4,0.21580185599424995,0.2535258072037418,-5.8
25025092400,6136,36635.0,0,0,1,0.0,0.32795452840732625,0.43185588778851425,23.1,0.16397726420366313,0.1267629036018709,5.8
25025100100,6716,41909.0,0,0,3,0.0,0.3661796096995562,0.6628621527751695,35.9,0.1830898048497781,0.2535258072037418,-10.9
25025100200,3567,61850.0,0,0,0,0.0,0.291084656297538,0.20084962280185914,10.3,0.145542328148769,0.0,22.6
25025100300,3931,84500.0,1,0,0,0.1211094519492599,0.32811003523028465,0.20084962280185914,18.9,0.22460974358977226,0.0,34.8
25025100400,5228,103651.0,0,0,2,0.0,0.4064740071529891,0.5669858902373621,33.6,0.20323700357649455,0.2009144486914962,0.4
25025100500,7627,58828.0,1,0,5,0.1211094519492599,0.433244513026189,0.7979921552240172,52.3,0.27717698248772443,0.3276773522933671,-7.8
25025100601,6521,115536.0,0,0,1,0.0,0.4948574391572968,0.43185588778851425,32.1,0.2474287195786484,0.1267629036018709,18.7
25025100603,2129,118750.0,0,0,8,0.0,0.3719537494199829,0.9331221576728652,48.7,0.18597687470999144,0.4018288973829924,-33.5
25025100700,4541,138736.0,0,0,13,0.0,0.4618950600573981,0.9428262733435937,54.0,0.23094753002869906,0.48263136496289677,-39.0
25025100800,5961,82238.0,12,1,11,0.8481582262353415,0.4182774152704077,0.994200315957865,100.0,0.6332178207528746,0.454440255895238,27.7
25025100900,4440,106851.0,0,0,6,0.0,0.41804540080945735,0.8493661978382886,47.3,0.20902270040472867,0.3558684613610259,-22.8
25025101001,6346,88964.0,1,0,3,0.1211094519492599,0.4460500671349057,0.6628621527751695,46.7,0.2835797595420828,0.2535258072037418,4.7
25025101002,6256,51243.0,5,1,1,0.7130633917717275,0.3624490700118242,0.43185588778851425,63.6,0.5377562308917758,0.1267629036018709,63.7
25025101101,4045,70655.0,0,0,0,0.0,0.34243826246424075,0.20084962280185914,13.1,0.17121913123212038,0.0,26.5
25025101102,5167,44606.0,0,0,2,0.0,0.33552475092115447,0.5669858902373621,29.7,0.16776237546057723,0.2009144486914962,-5.1
25025110104,1966,54934.0,0,0,5,0.0,0.2525044383968805,0.7979921552240172,36.0,0.12625221919844026,0.3276773522933671,-31.2
25025110105,2677,145700.0,2,0,17,0.1919539398224677,0.4739322348520452,0.8590703135090172,61.2,0.33294308733725647,0.5285918009848632,-30.3
25025110106,1707,102404.0,0,0,6,0.0,0.3099450298709329,0.8493661978382886,41.5,0.15497251493546646,0.3558684613610259,-31.1
25025110201,2432,77171.0,0,0,5,0.0,0.26270547528223503,0.7979921552240172,36.5,0.13135273764111752,0.3276773522933671,-30.4
25025110301,2621,102008.0,0,0,11,0.0,0.3262636216837019,0.994200315957865,49.1,0.16313181084185094,0.454440255895238,-45.1
25025110401,3712,84302.0,0,0,0,0.0,0.3344809214279083,0.20084962280185914,12.7,0.16724046071395415,0.0,25.9
25025110403,4868,128512.0,0,0,0,0.0,0.4378812434225563,0.20084962280185914,18.3,0.21894062171127815,0.0,33.9
25025110501,3230,144643.0,1,0,1,0.1211094519492599,0.41700786198729695,0.43185588778851425,34.4,0.2690586569682784,0.1267629036018709,22.1
25025110502,4019,113972.0,2,0,14,0.1919539398224677,0.4218171951207566,0.9198329091636659,61.2,0.30688556747161216,0.49524879595417864,-29.2
25025110601,3009,145800.0,0,0,1,0.0,0.35193367849513796,0.43185588778851425,24.4,0.17596683924756898,0.1267629036018709,7.6
25025110607,5271,145795.0,3,0,8,0.2422189038985198,0.49376616926188777,0.9331221576728652,68.4,0.3679925365802038,0.4018288973829924,-5.2
25025120103,1682,211731.0,0,0,33,0.0,0.47090535216109114,0.6471133241510407,40.8,0.23545267608054557,0.6449015617235171,-63.5
25025120104,2341,121583.0,1,1,8,0.52110945194926,0.3967978148226057,0.9331221576728652,78.3,0.4589536333859328,0.4018288973829924,8.9
25025120105,2471,178594.0,0,0,2,0.0,0.38195538579948907,0.5669858902373621,32.3,0.19097769289974453,0.2009144486914962,-1.5
25025120201,4459,98929.0,1,0,26,0.1211094519492599,0.4711529894842836,0.7239403110601692,50.9,0.2961312207167717,0.6027433460744885,-47.5
25025120301,4929,114627.0,5,1,12,0.7130633917717275,0.46427852146229903,0.9675243552706336,93.9,0.5886709566170133,0.46907848327525364,18.5
25025120400,6598,145543.0,2,1,59,0.5919539398224677,0.5782183096549715,0.45782037919035556,69.9,0.5850861247387196,0.7487746031579204,-25.4
25025120500,2688,143393.0,0,0,5,0.0,0.43259737062135345,0.7979921552240172,45.7,0.21629868531067672,0.3276773522933671,-17.3
25025120600,2732,146806.0,0,0,13,0.0,0.4608316412249058,0.9428262733435937,54.0,0.2304158206124529,0.48263136496289677,-39.1
25025120700,2107,114940.0,1,1,2,0.52110945194926,0.36375909528810296,0.5669858902373621,59.5,0.4424342736186815,0.2009144486914962,37.4
25025130101,6060,145881.0,0,0,8,0.0,0.5181142675627963,0.9331221576728652,56.6,0.25905713378139816,0.4018288973829924,-22.1
25025130200,4429,149018.0,3,0,19,0.2422189038985198,0.4492024297597283,0.8239566466258585,61.0,0.34571066682912405,0.5478601544664242,-31.3
25025130300,4347,151480.0,4,0,1,0.2812074390373976,0.4447208399446496,0.43185588778851425,44.6,0.3629641394910236,0.1267629036018709,36.6
25025130402,5266,92636.0,0,0,21,0.0,0.3800776232308849,0.7921924711818822,42.6,0.19003881161544245,0.5652905003924549,-58.2
25025130404,3108,112639.0,0,0,2,0.0,0.3474540326415994,0.5669858902373621,30.4,0.1737270163207997,0.2009144486914962,-4.2
25025130406,5824,52616.0,0,0,1,0.0,0.36779461606267744,0.43185588778851425,25.2,0.18389730803133872,0.1267629036018709,8.9
25025140102,5457,122990.0,0,0,2,0.0,0.4404494334358234,0.5669858902373621,35.4,0.2202247167179117,0.2009144486914962,3.0
25025140105,3592,79375.0,0,0,3,0.0,0.30556612680769757,0.6628621527751695,32.6,0.15278306340384878,0.2535258072037418,-15.6
25025140106,2202,35333.0,0,0,0,0.0,0.1937698702772462,0.20084962280185914,5.1,0.0968849351386231,0.0,15.0
25025140107,3065,97344.0,0,0,0,0.0,0.3345348493479248,0.20084962280185914,12.7,0.1672674246739624,0.0,25.9
25025140201,2668,107882.0,1,0,9,0.1211094519492599,0.35171030603107173,0.9682358245560237,55.8,0.2364098789901658,0.4210972508645534,-28.6
25025140202,6192,130459.0,0,0,3,0.0,0.5017689603176201,0.6628621527751695,43.2,0.25088448015881004,0.2535258072037418,-0.4
25025140300,7857,87364.0,2,0,14,0.1919539398224677,0.4948707441666816,0.9198329091636659,65.2,0.34341234199457465,0.49524879595417864,-23.5
25025140400,9131,79681.0,0,0,6,0.0,0.5267197454779976,0.8493661978382886,53.2,0.2633598727389988,0.3558684613610259,-14.3
25025980101,356,86250.0,0,0,3,0.0,0.3022264250248279,0.6628621527751695,32.4,0.15111321251241394,0.2535258072037418,-15.9
25025980300,287,86250.0,0,0,4,0.0,0.21277569291122203,0.7372295595693685,31.0,0.10638784645561102,0.2943343472626825,-29.1
25025980700,1,86250.0,0,0,0,0.0,0.10012833304118735,0.20084962280185914,0.0,0.05006416652059367,0.0,7.8
25025980900,30,108750.0,0,0,1,0.0,0.4120226266809833,0.43185588778851425,27.6,0.20601131334049164,0.1267629036018709,12.3
25025981000,30,86250.0,0,0,0,0.0,0.4345203309968695,0.20084962280185914,18.1,0.21726016549843474,0.0,33.7
25025981100,91,86250.0,0,0,0,0.0,0.2829010234253113,0.20084962280185914,9.9,0.14145051171265566,0.0,21.9
25025981201,0,86250.0,0,0,2,0.0,,0.5669858902373621,,,0.2009144486914962,
25025981202,109,86250.0,0,0,7,0.0,0.2416856250166033,0.8938684177618246,39.8,0.12084281250830164,0.3802887108056127,-40.2
25025981300,23,245000.0,7,1,138,0.7633283558477797,0.3921439783886394,0.1778291254967287,56.1,0.5777361671182095,0.9024176409490494,-50.3
25025981600,0,86250.0,0,0,1,0.0,,0.43185588778851425,,,0.1267629036018709,
25025981700,0,86250.0,12,1,3,0.8481582262353415,,0.6628621527751695,,,0.2535258072037418,
25025981800,46,86250.0,0,0,0,0.0,0.19597398704038418,0.20084962280185914,5.2,0.09798699352019209,0.0,15.2
25025981900,0,86250.0,0,0,1,0.0,,0.43185588778851425,,,0.1267629036018709,
